zone_uid,district_2015,state_2015,n_monitors,n_urban_monitors,n_rural_monitors,interruption_h_per_yr,interruption_h_per_yr_urban,interruption_h_per_yr_rural,min_monitor_h,max_monitor_h,recorded_monitor_days,first_date,last_date,esmi_districts_pooled,dc_count_operating,dc_count_all,hosting_operating
DIST_0182,Balrampur,Uttar Pradesh,1,0,1,5213.6,,5213.6,5213.6,5213.6,79,2017-09-06,2018-05-29,Balrampur,0,0,False
DIST_0196,Chandauli,Uttar Pradesh,7,4,3,3773.9,3260.5,4458.4,1956.3,5108.8,2619,2015-08-31,2018-05-04,Chandauli,0,0,False
DIST_0154,Sitapur,Uttar Pradesh,24,8,16,3026.1,1735.7,3671.2,481.1,4665.3,14625,2015-08-18,2019-12-31,Sitapur,0,0,False
DIST_0349,Giridih,Jharkhand,6,1,5,2989.4,4240.5,2739.1,2535.2,4240.5,2143,2017-05-12,2018-10-02,Giridih,0,0,False
DIST_0172,Fatehpur,Uttar Pradesh,8,3,5,2682.0,1730.1,3253.1,729.0,5121.6,2887,2016-12-16,2019-12-31,Fatehpur,0,0,False
DIST_0441,Barwani,Madhya Pradesh,10,2,8,2634.6,281.0,3223.0,273.0,5532.8,4923,2014-12-16,2019-01-01,Barwani,0,0,False
DIST_0358,Palamu,Jharkhand,3,2,1,2587.8,1429.2,4905.0,1080.7,4905.0,314,2017-05-08,2018-04-09,Palamu,0,0,False
DIST_0180,Bahraich,Uttar Pradesh,29,13,16,2465.1,1355.3,3366.8,182.9,4464.5,12876,2017-09-21,2019-12-31,Bahraich,0,0,False
DIST_0176,Bara Banki,Uttar Pradesh,24,11,13,2458.8,1818.8,3000.4,253.2,5237.0,12651,2017-11-03,2019-12-31,Barabanki,0,0,False
DIST_0360,Hazaribagh,Jharkhand,9,5,4,2403.0,1839.4,3107.5,1078.7,4685.4,2417,2017-05-21,2019-02-07,Hazaribagh,0,0,False
DIST_0197,Varanasi,Uttar Pradesh,9,6,3,2402.9,1369.8,4469.2,405.1,5256.1,3910,2015-08-30,2018-02-09,Varanasi,0,0,False
DIST_0179,Sultanpur,Uttar Pradesh,17,0,17,2362.6,,2362.6,1469.5,3452.0,6056,2018-09-01,2019-12-12,Sultanpur,0,0,False
DIST_0132,Saharanpur,Uttar Pradesh,7,4,3,2079.3,1354.9,3045.3,582.8,3159.3,3045,2016-12-19,2019-12-31,Saharanpur,0,0,False
DIST_0562,Dharwad,Karnataka,1,0,1,1988.5,,1988.5,1988.5,1988.5,70,2017-03-25,2017-06-02,Dharwad,0,0,False
DIST_0214,Saharsa,Bihar,13,6,7,1727.4,980.5,2367.5,449.4,3705.2,6488,2016-02-18,2019-12-31,Saharsa,0,0,False
DIST_0545,East Godavari,Andhra Pradesh,2,1,1,1465.5,2211.9,719.0,719.0,2211.9,583,2016-02-02,2018-05-29,East Godavari,0,0,False
DIST_0549,Prakasam,Andhra Pradesh,2,0,2,1428.0,,1428.0,1004.8,1851.2,1424,2016-02-10,2019-12-31,Prakasam,0,0,False
DIST_0177,Faizabad,Uttar Pradesh,7,4,3,1419.9,708.8,2368.0,560.0,3107.0,741,2016-12-16,2017-09-26,Faizabad,0,0,False
DIST_0375,Kendujhar,Odisha,1,1,0,1395.7,1395.7,,1395.7,1395.7,260,2015-09-05,2016-09-01,Kendujhar,0,0,False
DIST_0166,Jhansi,Uttar Pradesh,11,8,3,1321.2,868.1,2529.3,281.2,3524.2,3611,2016-12-16,2019-01-15,Jhansi,0,0,False
DIST_0557,Bijapur,Karnataka,1,0,1,1296.1,,1296.1,1296.1,1296.1,522,2017-03-25,2019-12-27,Bijapur,0,0,False
DIST_0501,Akola,Maharashtra,15,7,8,1145.4,200.2,1972.4,102.1,5655.0,15590,2014-10-31,2019-12-31,Akola,0,0,False
DIST_0234,Rohtas,Bihar,2,2,0,1131.6,1131.6,,531.1,1732.1,874,2016-01-04,2018-11-06,Sasaram,0,0,False
DIST_0238,Jamui,Bihar,1,1,0,1065.4,1065.4,,1065.4,1065.4,1540,2015-08-14,2019-12-31,Jamui,0,0,False
DIST_0553,Anantapur,Andhra Pradesh,5,3,2,1065.1,592.5,1773.9,305.5,2505.7,5966,2014-11-05,2019-12-31,Anantpur,0,0,False
DIST_0130,Udaipur,Rajasthan,11,4,7,1064.9,163.9,1579.8,103.1,3950.0,3623,2016-06-07,2019-12-31,Udaipur,0,0,False
DIST_0569,Udupi,Karnataka,12,5,7,961.2,734.9,1122.9,443.6,2021.8,7857,2014-12-15,2019-12-31,Udupi,0,0,False
DIST_0498,Dhule,Maharashtra,10,8,2,860.3,182.3,3572.5,99.1,5398.7,9164,2015-08-31,2019-12-31,Dhule,0,0,False
DIST_0110,Jaipur,Rajasthan,9,8,1,845.1,212.1,5908.9,30.3,5908.9,5166,2015-09-10,2019-06-10,Jaipur,7,7,True
DIST_0560,Koppal,Karnataka,1,0,1,844.4,,844.4,844.4,844.4,173,2017-03-04,2017-08-26,Koppal,0,0,False
DIST_0057,Chamoli,Uttarakhaand,11,6,5,781.3,570.3,1034.5,330.4,1531.7,4969,2016-11-11,2019-12-31,Chamoli,0,0,False
DIST_0565,Bellary,Karnataka,2,0,2,715.1,,715.1,670.3,759.9,1093,2017-03-23,2019-12-31,Bellary,0,0,False
DIST_0444,Bhopal,Madhya Pradesh,11,8,3,669.1,164.0,2015.9,83.9,3584.4,7023,2015-08-04,2019-12-31,Bhopal,1,2,True
DIST_0146,Agra,Uttar Pradesh,7,5,2,620.4,303.7,1412.2,104.0,2288.5,4736,2016-12-27,2019-12-31,Agra,0,0,False
DIST_0164,Kanpur Nagar,Uttar Pradesh,10,10,0,548.4,548.4,,278.9,1231.2,7920,2014-12-16,2019-12-31,Kanpur,0,0,False
DIST_0617,Cuddalore,Tamil Nadu,11,8,3,522.0,635.9,218.4,7.0,3746.4,3958,2018-01-15,2019-12-31,Cuddalore,0,0,False
DIST_0526,Solapur,Maharashtra,1,0,1,498.0,,498.0,498.0,498.0,1689,2014-10-29,2019-12-31,Solapur,0,0,False
DIST_0086,Gurgaon,Haryana,1,1,0,477.8,477.8,,477.8,477.8,935,2014-10-28,2017-06-12,Gurgaon,8,9,True
DIST_0540,Warangal,Andhra Pradesh,3,3,0,472.4,472.4,,214.0,659.2,3101,2015-09-21,2019-12-31,Warangal,0,0,False
DIST_0516,Nashik,Maharashtra,13,5,8,467.5,231.5,615.1,100.3,1370.7,8282,2014-11-24,2019-12-31,Nashik,1,1,True
DIST_0157,Lucknow,Uttar Pradesh,7,7,0,464.3,464.3,,148.4,1197.9,4754,2014-11-24,2019-12-31,Lucknow,1,2,True
DIST_0517,Thane,Maharashtra,8,5,3,450.3,143.7,961.4,99.9,1630.5,7749,2015-09-07,2019-12-31,Palghar; Thane,28,56,True
DIST_0140,Ghaziabad,Uttar Pradesh,6,6,0,429.7,429.7,,280.2,676.6,5649,2014-12-16,2019-12-31,Ghaziabad; Hapur,1,2,True
DIST_0572,Bangalore,Karnataka,13,13,0,424.8,424.8,,122.0,1232.8,11598,2014-11-05,2019-12-31,Bengaluru Urban,27,29,True
DIST_0449,Hoshangabad,Madhya Pradesh,4,3,1,384.0,183.8,984.7,148.9,984.7,3303,2017-04-01,2019-12-31,Hoshangabad,0,0,False
DIST_0072,Kurukshetra,Haryana,5,4,1,373.7,260.5,826.4,173.8,826.4,3593,2015-08-25,2019-12-31,Kurukshetra,0,0,False
DIST_0337,North Twenty Four Parganas,West Bengal,1,1,0,368.5,368.5,,368.5,368.5,76,2014-12-16,2015-11-27,North 24 Parganas,6,9,True
DIST_0521,Pune,Maharashtra,18,12,6,316.7,176.1,598.0,40.8,993.0,28961,2014-10-22,2019-12-31,Pune,14,17,True
DIST_0559,Raichur,Karnataka,3,3,0,309.8,309.8,,73.0,598.8,2040,2017-03-05,2019-12-31,Raichur,0,0,False
DIST_0092,North East,Nct Of Delhi,1,1,0,308.4,308.4,,308.4,308.4,862,2015-05-22,2019-08-31,North East Delhi,2,2,True
DIST_0555,Belgaum,Karnataka,14,11,3,304.5,237.4,550.9,23.0,1233.8,12786,2014-10-30,2019-12-31,Belgaum,0,0,False
DIST_0386,Khordha,Odisha,5,5,0,290.0,290.0,,67.0,532.4,3647,2014-11-07,2019-12-31,Khordha,4,5,True
DIST_0060,Dehradun,Uttarakhaand,5,5,0,284.0,284.0,,184.1,430.9,2927,2016-11-18,2019-12-31,Dehradun,1,1,True
DIST_0527,Satara,Maharashtra,1,0,1,279.6,,279.6,279.6,279.6,666,2014-12-02,2016-10-10,Satara,0,0,False
DIST_0141,Gautam Buddha Nagar,Uttar Pradesh,1,1,0,273.2,273.2,,273.2,273.2,488,2018-02-21,2019-12-31,Gautam Buddh Nagar,17,22,True
DIST_0528,Ratnagiri,Maharashtra,9,6,3,261.6,204.9,374.9,139.5,486.5,7135,2017-03-12,2019-12-31,Ratnagiri,0,0,False
DIST_0602,Thiruvallur,Tamil Nadu,10,10,0,248.4,248.4,,107.5,978.7,3774,2018-01-15,2019-12-31,Thiruvallur,6,13,True
DIST_0536,Hyderabad,Andhra Pradesh,13,12,1,232.1,237.1,172.5,48.8,657.0,13555,2014-10-29,2019-12-31,Hyderabad,4,5,True
DIST_0537,Rangareddy,Andhra Pradesh,1,1,0,227.7,227.7,,227.7,227.7,533,2015-10-10,2019-02-18,Rangareddy,14,29,True
DIST_0586,South Goa,Goa,5,2,3,221.3,100.2,302.1,64.1,444.8,4178,2016-01-28,2019-12-31,Salcete; South Goa,0,0,False
DIST_0322,Kamrup Metropolitan,Assam,11,11,0,196.7,196.7,,28.5,412.5,7482,2016-12-15,2019-12-31,Kamrup Metro,1,1,True
DIST_0093,East,Nct Of Delhi,1,1,0,187.0,187.0,,187.0,187.0,411,2015-06-11,2016-08-03,East Delhi,0,0,False
DIST_0505,Nagpur,Maharashtra,6,6,0,159.3,159.3,,114.3,231.0,6652,2014-12-15,2019-12-31,Nagpur,0,1,False
DIST_0585,North Goa,Goa,6,2,4,154.2,81.3,190.7,60.5,303.8,5227,2016-01-28,2019-12-31,North Goa,1,1,True
DIST_0603,Chennai,Tamil Nadu,5,5,0,132.3,132.3,,32.2,403.7,4135,2014-11-30,2019-12-31,Chennai,5,5,True
DIST_0446,Raisen,Madhya Pradesh,1,1,0,127.4,127.4,,127.4,127.4,1200,2014-12-16,2019-12-31,Raisen,0,0,False
DIST_0052,Sahibzada Ajit Singh Nagar,Punjab,1,1,0,122.9,122.9,,122.9,122.9,1587,2015-08-27,2019-12-31,Sahibzada Ajit Singh Nagar,3,3,True
DIST_0096,West,Nct Of Delhi,1,1,0,107.7,107.7,,107.7,107.7,1272,2014-10-31,2018-11-02,West Delhi,0,0,False
DIST_0604,Kancheepuram,Tamil Nadu,4,4,0,101.9,101.9,,33.2,204.7,3297,2014-10-29,2019-12-31,Kancheepuram,11,13,True
DIST_0486,Vadodara,Gujarat,1,1,0,92.5,92.5,,92.5,92.5,993,2017-03-31,2019-12-31,Vadodara,0,0,False
DIST_0342,Kolkata,West Bengal,8,8,0,88.4,88.4,,5.9,309.1,4391,2014-12-16,2019-12-31,Kolkata,3,3,True
DIST_0098,South,Nct Of Delhi,1,1,0,76.6,76.6,,76.6,76.6,1556,2015-04-07,2019-12-23,South Delhi,2,2,True
DIST_0095,Central,Nct Of Delhi,1,1,0,73.8,73.8,,73.8,73.8,1683,2015-04-07,2019-12-31,Central Delhi,0,0,False
DIST_0090,North West,Nct Of Delhi,1,1,0,65.1,65.1,,65.1,65.1,1062,2015-06-06,2019-08-11,North West Delhi,0,0,False
DIST_0410,Raipur,Chattisgarh,1,1,0,59.1,59.1,,59.1,59.1,1317,2016-05-18,2019-12-31,Raipur,2,3,True
DIST_0055,Chandigarh,Chandigarh,5,5,0,56.0,56.0,,19.0,96.0,6118,2015-08-26,2019-12-31,Chandigarh,1,1,True
DIST_0097,South West,Nct Of Delhi,1,1,0,47.1,47.1,,47.1,47.1,697,2015-05-22,2017-04-18,South West Delhi,1,1,True
DIST_0519,Mumbai,Maharashtra,1,1,0,39.1,39.1,,39.1,39.1,630,2015-09-06,2017-06-12,Mumbai,4,5,True
DIST_0518,Mumbai Suburban,Maharashtra,1,1,0,10.9,10.9,,10.9,10.9,1464,2015-05-31,2019-12-31,Mumbai Suburban District,15,19,True
