state,policy_name,policy_year,capital_subsidy,stamp_duty_exemption,electricity_duty_exemption,land_incentive,single_window,eia_required,verify_note,dc_districts,dc_count,median_bws,share_dists_high_stress,median_gtd,mean_pm25,mean_no2_1e5,has_policy,dc_count_all
Telangana,ICT Policy / Data Centre Policy,2016,no,yes,yes,yes,yes,no,verified 2026-09-01 (primary/credible sources; see state_dc_policies_sources.csv),1,19,4.89,1,-1.04,31.3,3.57,TRUE,36
Tamil Nadu,TN Data Centre Policy,2021,partial,yes,yes,yes,yes,no,verified 2026-09-01 (primary/credible sources; see state_dc_policies_sources.csv),4,26,1.11,1,-0.95,27.5,2.54,TRUE,34
Uttar Pradesh,UP Data Centre Policy,2021,yes,yes,yes,yes,yes,no,verified 2026-09-01 (primary/credible sources; see state_dc_policies_sources.csv),3,18,9.3,1,12.86,89.9,8.15,TRUE,24
West Bengal,Data Centre Policy,2021,no,yes,yes,no,yes,no,verified 2026-09-01 (primary/credible sources; see state_dc_policies_sources.csv),2,8,0.22,0,3.02,59.6,5.27,TRUE,9
Tripura,Tripura Data Center Policy-2021,2021,yes,no,partial,yes,yes,no,verified 2026-09-01 (primary/credible sources; see state_dc_policies_sources.csv),1,1,0.22,0,1.81,61.6,3.42,TRUE,1
Karnataka,Data Centre Policy (draft/It policy),2022,partial,partial,yes,partial,yes,no,verified 2026-09-01 (primary/credible sources; see state_dc_policies_sources.csv),1,27,0.99,1,-1.04,30.6,3.98,TRUE,31
Gujarat,IT/ITeS Policy (DC provisions),2022,yes,yes,yes,yes,yes,no,verified 2026-09-01 (primary/credible sources; see state_dc_policies_sources.csv),1,9,6.25,1,14.16,45.7,5.17,TRUE,12
Odisha,Data Centre Policy,2022,yes,yes,yes,yes,yes,no,verified 2026-09-01 (Invest Odisha + Cushman & Wakefield),1,2,0.43,1,1.96,39.6,3.88,TRUE,2
Haryana,Data Centre Policy,2022,partial,yes,yes,yes,yes,no,verified 2026-09-01 (primary/credible sources; see state_dc_policies_sources.csv),1,1,22.98,1,7.42,79.1,6.22,TRUE,3
Maharashtra,IT-ITES Policy (data center provisions),2023,partial,yes,yes,yes,yes,no,verified 2026-09-01 (primary/credible sources; see state_dc_policies_sources.csv),5,64,0.25,0.4,-1.74,44,5,TRUE,101
Andhra Pradesh,Data Center Policy 4.0 (2024-2029),2024,yes,yes,no,partial,no,no,verified 2026-09-01 (G.O.Ms.No.6 ITE&C 14.11.2024; residual/post-split AP),1,1,1.23,1,-0.04,28.9,3.27,TRUE,7
Bihar,IT Policy 2024 (data centre provisions),2024,yes,no,partial,partial,yes,no,verified 2026-09-01 (primary/credible sources; see state_dc_policies_sources.csv),1,1,0.69,1,3.03,91.9,4.67,TRUE,1
Rajasthan,Rajasthan Data Center Policy,2025,yes,yes,no,yes,no,no,verified 2026-09-01 (state PDF fetch-blocked; cross-checked Drishti IAS + PSU Watch),1,5,11.73,1,8.2,55.6,3.38,TRUE,6
Delhi (NCT),none dedicated,,no,no,no,no,no,no,verified 2026-09-01 (no dedicated DC policy; see state_dc_policies_sources.csv),3,13,20.63,1,12.81,97,10.59,FALSE,13
Kerala,none dedicated,,no,no,no,no,no,no,verified 2026-09-01 (no dedicated DC policy; see state_dc_policies_sources.csv),1,8,0.44,1,-1.75,23.7,2.07,FALSE,8
Punjab,none dedicated,,no,no,no,no,no,no,verified 2026-09-01 (no dedicated DC policy; see state_dc_policies_sources.csv),2,3,5.88,0.5,12.69,66.4,4.99,FALSE,3
Madhya Pradesh,none dedicated,,no,no,no,no,no,no,verified 2026-09-01 (no dedicated DC policy; see state_dc_policies_sources.csv),1,2,1.59,1,-1.04,33,3.15,FALSE,4
Chhattisgarh,none dedicated,,no,no,no,no,no,no,verified 2026-09-01 (no dedicated DC policy; see state_dc_policies_sources.csv),1,1,1.02,1,-1.63,49.8,5.6,FALSE,2
