state,claim,value,source_type,issuing_body,source_title,url,document_date,retrieved,quote,verified_on
Andhra Pradesh,capital_subsidy,yes,primary (G.O.),"ITE&C Dept., Govt. of Andhra Pradesh",Andhra Pradesh Data Center Policy (4.0) 2024-2029,https://apiic.in/wp-content/themes/custom-theme/assets/Pdfs/2024ITC_33902_MS6.pdf,2024,2026-09-01,100% Net state goods and services taxes (SGST) reimbursement on capital goods (OR) 10% Capital subsidy on Plant and Machinery,2026-09-01
Andhra Pradesh,eia_required,no,primary (G.O.),"ITE&C Dept., Govt. of Andhra Pradesh",Andhra Pradesh Data Center Policy (4.0) 2024-2029,https://apiic.in/wp-content/themes/custom-theme/assets/Pdfs/2024ITC_33902_MS6.pdf,2024,2026-09-01,100% Net state goods and services taxes (SGST) reimbursement on capital goods (OR) 10% Capital subsidy on Plant and Machinery,2026-09-01
Andhra Pradesh,electricity_duty_exemption,no,primary (G.O.),"ITE&C Dept., Govt. of Andhra Pradesh",Andhra Pradesh Data Center Policy (4.0) 2024-2029,https://apiic.in/wp-content/themes/custom-theme/assets/Pdfs/2024ITC_33902_MS6.pdf,2024,2026-09-01,Industrial tariff will be applicable,2026-09-01
Andhra Pradesh,land_incentive,partial,primary (G.O.),"ITE&C Dept., Govt. of Andhra Pradesh",Andhra Pradesh Data Center Policy (4.0) 2024-2029,https://apiic.in/wp-content/themes/custom-theme/assets/Pdfs/2024ITC_33902_MS6.pdf,2024,2026-09-01,Discount of Land cost,2026-09-01
Andhra Pradesh,policy_exists,yes,primary (G.O.),"ITE&C (Promotion Wing) Dept., Govt. of Andhra Pradesh (APIIC)",Andhra Pradesh Data Center Policy (4.0) 2024-2029,https://apiic.in/wp-content/themes/custom-theme/assets/Pdfs/2024ITC_33902_MS6.pdf,2024,2026-09-01,Andhra Pradesh Data Center Policy (4.0) 2024-2029,2026-09-01
Andhra Pradesh,single_window,no,primary (G.O.),"ITE&C Dept., Govt. of Andhra Pradesh",Andhra Pradesh Data Center Policy (4.0) 2024-2029,https://apiic.in/wp-content/themes/custom-theme/assets/Pdfs/2024ITC_33902_MS6.pdf,2024,2026-09-01,Andhra Pradesh Data Center Policy (4.0) 2024-2029,2026-09-01
Andhra Pradesh,stamp_duty_exemption,yes,primary (G.O.),"ITE&C Dept., Govt. of Andhra Pradesh",Andhra Pradesh Data Center Policy (4.0) 2024-2029,https://apiic.in/wp-content/themes/custom-theme/assets/Pdfs/2024ITC_33902_MS6.pdf,2024,2026-09-01,100% exemption on first sale,2026-09-01
Bihar,capital_subsidy,yes,secondary compilation (policy highlights PDF),"Government of Bihar, Department of Information Technology",Highlights of Bihar IT Policy 2024,https://hebe.net.in/wp-content/uploads/2025/06/Highlights_of_Bihar_IT_policy.pdf,2024-01-09,2026-09-01,30 % on the fixed capital investment incurred by such units up to a maximum limits of INR 30 crores,
Bihar,eia_required,no,primary (state policy highlights),"Dept. of IT, Govt. of Bihar",Highlights of Bihar IT Policy 2024,https://hebe.net.in/wp-content/uploads/2025/06/Highlights_of_Bihar_IT_policy.pdf,2024,2026-09-01,"Eligible units shall be provided capital investment subsidy of 30% of the approved project cost (max Rs 30 crore), interest subvention, lease rental subsidy, power tariff subsidy of 25% and employment-generation subsidy.",2026-09-01
Bihar,electricity_duty_exemption,partial,secondary compilation (policy highlights PDF),"Government of Bihar, Department of Information Technology",Highlights of Bihar IT Policy 2024,https://hebe.net.in/wp-content/uploads/2025/06/Highlights_of_Bihar_IT_policy.pdf,2024-01-09,2026-09-01,Power Tariff Subsidy: 25 % of the energy bill for a period of 5 years,
Bihar,land_incentive,partial,primary (state policy highlights),"Dept. of IT, Govt. of Bihar",Highlights of Bihar IT Policy 2024,https://hebe.net.in/wp-content/uploads/2025/06/Highlights_of_Bihar_IT_policy.pdf,2024,2026-09-01,Eligible IT / ITES / ESDM units operating from leased office / commercial space shall be reimbursed lease rental incentive of 50 % of the lease rental amount paid and will be provided for a period of 5 years.,2026-09-01
Bihar,policy_exists,yes,secondary compilation (policy highlights PDF),"Government of Bihar, Department of Information Technology",Highlights of Bihar IT Policy 2024,https://hebe.net.in/wp-content/uploads/2025/06/Highlights_of_Bihar_IT_policy.pdf,2024-01-09,2026-09-01,"""""Data Centres"""" (listed under IT/ITes Sector focused areas); Policy Period: 09.01.24 to 08.12.29",
Bihar,policy_exists,yes,press,Dataquest India,Bihar unveils GCC Policy 2026 to attract Bengaluru tech firms,https://www.dqindia.com/government-policy/bihar-gcc-policy-2026-bengaluru-tech-investment-12134547,2026-07-04,2026-09-01,"policy's focus on high-value areas such as Artificial Intelligence, DeepTech, Data Centres, and Electronics System Design & Manufacturing",
Bihar,policy_year,2024,secondary compilation (policy highlights PDF),"Government of Bihar, Department of Information Technology",Highlights of Bihar IT Policy 2024,https://hebe.net.in/wp-content/uploads/2025/06/Highlights_of_Bihar_IT_policy.pdf,2024-01-09,2026-09-01,Policy Period: - 09.01.24 to 08.12.29,
Bihar,single_window,yes,primary (state policy highlights),"Dept. of IT, Govt. of Bihar",Highlights of Bihar IT Policy 2024,https://hebe.net.in/wp-content/uploads/2025/06/Highlights_of_Bihar_IT_policy.pdf,2024,2026-09-01,All the application shall be accepted through state SIPB portal for stage 1 clearance wherein the proposed project would be examined for feasibility and issuance of necessary approval to the investor.,2026-09-01
Bihar,stamp_duty_exemption,no,primary (state policy highlights),"Dept. of IT, Govt. of Bihar",Highlights of Bihar IT Policy 2024,https://hebe.net.in/wp-content/uploads/2025/06/Highlights_of_Bihar_IT_policy.pdf,2024,2026-09-01,"Fixed capital investment includes Land purchase, Building purchase/construction, Plant & Machinery, Stamp duty and land conversion fee, if paid.",2026-09-01
Chhattisgarh,capital_subsidy,no,primary (state IT/ITeS policy),CSIDC / Govt. of Chhattisgarh,"Electronics, IT and ITeS Investment Policy of Chhattisgarh",https://csidc.in/wp-content/uploads/2022/07/Electronics-IT-ITeS.pdf,2022,2026-09-01,4.6. Data Centres;,2026-09-01
Chhattisgarh,eia_required,no,primary (state IT/ITeS policy),CSIDC / Govt. of Chhattisgarh,"Electronics, IT and ITeS Investment Policy of Chhattisgarh",https://csidc.in/wp-content/uploads/2022/07/Electronics-IT-ITeS.pdf,2022,2026-09-01,4.6. Data Centres;,2026-09-01
Chhattisgarh,electricity_duty_exemption,no,primary (state IT/ITeS policy),CSIDC / Govt. of Chhattisgarh,"Electronics, IT and ITeS Investment Policy of Chhattisgarh",https://csidc.in/wp-content/uploads/2022/07/Electronics-IT-ITeS.pdf,2022,2026-09-01,4.6. Data Centres;,2026-09-01
Chhattisgarh,land_incentive,no,primary (state IT/ITeS policy),CSIDC / Govt. of Chhattisgarh,"Electronics, IT and ITeS Investment Policy of Chhattisgarh",https://csidc.in/wp-content/uploads/2022/07/Electronics-IT-ITeS.pdf,2022,2026-09-01,4.6. Data Centres;,2026-09-01
Chhattisgarh,policy_exists,no,primary (state IT/ITeS policy),CSIDC / Govt. of Chhattisgarh,"Electronics, IT and ITeS Investment Policy of Chhattisgarh",https://csidc.in/wp-content/uploads/2022/07/Electronics-IT-ITeS.pdf,2022,2026-09-01,4.6. Data Centres;,2026-09-01
Chhattisgarh,single_window,no,primary (state IT/ITeS policy),CSIDC / Govt. of Chhattisgarh,"Electronics, IT and ITeS Investment Policy of Chhattisgarh",https://csidc.in/wp-content/uploads/2022/07/Electronics-IT-ITeS.pdf,2022,2026-09-01,4.6. Data Centres;,2026-09-01
Chhattisgarh,stamp_duty_exemption,no,primary (state IT/ITeS policy),CSIDC / Govt. of Chhattisgarh,"Electronics, IT and ITeS Investment Policy of Chhattisgarh",https://csidc.in/wp-content/uploads/2022/07/Electronics-IT-ITeS.pdf,2022,2026-09-01,4.6. Data Centres;,2026-09-01
Delhi (NCT),capital_subsidy,no,secondary (Cushman & Wakefield state comparison),"Cushman & Wakefield, Data Centre Policies in India: A State-wise Comparison",Data Centre Policies in India: A State-wise Comparison,https://assets.cushmanwakefield.com/-/media/cw/apac/india/insights/data-centre-policies-in-india-a-statewise-comparison.pdf,2023,2026-09-01,"The States, within India that have announced Data Center Policies are - Telangana, Uttar Pradesh, Tamil Nadu, West Bengal and Odisha.",2026-09-01
Delhi (NCT),eia_required,no,secondary (Cushman & Wakefield state comparison),"Cushman & Wakefield, Data Centre Policies in India: A State-wise Comparison",Data Centre Policies in India: A State-wise Comparison,https://assets.cushmanwakefield.com/-/media/cw/apac/india/insights/data-centre-policies-in-india-a-statewise-comparison.pdf,2023,2026-09-01,"The States, within India that have announced Data Center Policies are - Telangana, Uttar Pradesh, Tamil Nadu, West Bengal and Odisha.",2026-09-01
Delhi (NCT),electricity_duty_exemption,no,secondary (Cushman & Wakefield state comparison),"Cushman & Wakefield, Data Centre Policies in India: A State-wise Comparison",Data Centre Policies in India: A State-wise Comparison,https://assets.cushmanwakefield.com/-/media/cw/apac/india/insights/data-centre-policies-in-india-a-statewise-comparison.pdf,2023,2026-09-01,"The States, within India that have announced Data Center Policies are - Telangana, Uttar Pradesh, Tamil Nadu, West Bengal and Odisha.",2026-09-01
Delhi (NCT),land_incentive,no,secondary (Cushman & Wakefield state comparison),"Cushman & Wakefield, Data Centre Policies in India: A State-wise Comparison",Data Centre Policies in India: A State-wise Comparison,https://assets.cushmanwakefield.com/-/media/cw/apac/india/insights/data-centre-policies-in-india-a-statewise-comparison.pdf,2023,2026-09-01,"The States, within India that have announced Data Center Policies are - Telangana, Uttar Pradesh, Tamil Nadu, West Bengal and Odisha.",2026-09-01
Delhi (NCT),policy_exists,no,secondary (Cushman & Wakefield state comparison),"Cushman & Wakefield, Data Centre Policies in India: A State-wise Comparison",Data Centre Policies in India: A State-wise Comparison,https://assets.cushmanwakefield.com/-/media/cw/apac/india/insights/data-centre-policies-in-india-a-statewise-comparison.pdf,2023,2026-09-01,"The States, within India that have announced Data Center Policies are - Telangana, Uttar Pradesh, Tamil Nadu, West Bengal and Odisha.",2026-09-01
Delhi (NCT),single_window,no,secondary (Cushman & Wakefield state comparison),"Cushman & Wakefield, Data Centre Policies in India: A State-wise Comparison",Data Centre Policies in India: A State-wise Comparison,https://assets.cushmanwakefield.com/-/media/cw/apac/india/insights/data-centre-policies-in-india-a-statewise-comparison.pdf,2023,2026-09-01,"The States, within India that have announced Data Center Policies are - Telangana, Uttar Pradesh, Tamil Nadu, West Bengal and Odisha.",2026-09-01
Delhi (NCT),stamp_duty_exemption,no,secondary (Cushman & Wakefield state comparison),"Cushman & Wakefield, Data Centre Policies in India: A State-wise Comparison",Data Centre Policies in India: A State-wise Comparison,https://assets.cushmanwakefield.com/-/media/cw/apac/india/insights/data-centre-policies-in-india-a-statewise-comparison.pdf,2023,2026-09-01,"The States, within India that have announced Data Center Policies are - Telangana, Uttar Pradesh, Tamil Nadu, West Bengal and Odisha.",2026-09-01
Gujarat,capital_subsidy,yes,primary (state policy text),"Dept. of Science & Technology, Govt. of Gujarat",Gujarat IT/ITeS Policy 2022-27,https://rmpsco.com/wp-content/uploads/2022/03/Gujarat-ITITeS-Policy-2022-27.pdf,2022,2026-09-01,CAPEX support for Data Centre of 25% up to INR 150 Cr.,2026-09-01
Gujarat,eia_required,no,secondary (legal compilation),Ahlawat & Associates (summarising the Gujarat IT/ITeS Policy 2022-2027),India Data Centre Policy by State,https://www.ahlawatassociates.com/blog/india-data-centre-policy-by-state,2024,2026-09-01,The notified policy contains no data-centre-specific environmental-assessment requirement (data centres are not a listed category under the EIA Notification 2006).,
Gujarat,electricity_duty_exemption,yes,primary (state policy text),"Dept. of Science & Technology, Govt. of Gujarat",Gujarat IT/ITeS Policy 2022-27,https://rmpsco.com/wp-content/uploads/2022/03/Gujarat-ITITeS-Policy-2022-27.pdf,2022,2026-09-01,Eligible IT/ITeS units will be entitled to claim 100% electricity duty for the period of 5 years from the date of start of commercial operations or in-principal approval whichever is later.,2026-09-01
Gujarat,land_incentive,yes,secondary (compilation: Colliers),Colliers (reporting Gujarat IT/ITeS Policy 2022-27),Gujarat IT/ITeS Policy,https://www.colliers.com/en-in/news/gujarat-it-ites-policy,2022,2026-09-01,"assistance in identification of land and process approvals, and relaxation in FSI norms.",2026-09-01
Gujarat,policy_exists,yes,secondary (legal compilation),Ahlawat & Associates (summarising the Gujarat IT/ITeS Policy 2022-2027),India Data Centre Policy by State,https://www.ahlawatassociates.com/blog/india-data-centre-policy-by-state,2024,2026-09-01,Gujarat IT/ITeS Policy 2022-2027 ... Data centres classified as 'Strategic Institutions'.,
Gujarat,policy_year,2022,secondary (legal compilation),Ahlawat & Associates (summarising the Gujarat IT/ITeS Policy 2022-2027),India Data Centre Policy by State,https://www.ahlawatassociates.com/blog/india-data-centre-policy-by-state,2024,2026-09-01,Gujarat IT/ITeS Policy 2022-2027,
Gujarat,single_window,yes,primary (state policy text) + state portal,"Dept. of Science & Technology, Govt. of Gujarat / Investor Facilitation Portal",Gujarat IT/ITeS Policy 2022-27; Gujarat Online Single Window (IFP),https://rmpsco.com/wp-content/uploads/2022/03/Gujarat-ITITeS-Policy-2022-27.pdf,2022,2026-09-01,Investor facilitation desk will also be provided on 24x7 Basis.,2026-09-01
Gujarat,stamp_duty_exemption,yes,primary (implementation guidelines),"Dept. of Science & Technology, Govt. of Gujarat","Summary of Implementation Guidelines, Gujarat IT/ITeS Policy 2022-27",https://www.rmpsco.com/wp-content/uploads/2022/09/RMPS-Summary-of-Implementation-Guidelines-for-Gujarat-IT-and-ITeS-2022-27.pdf,2022,2026-09-01,Stamp Duty and Registration Fees paid to the Government for lease/sale/transfer of land and office space.,2026-09-01
Haryana,capital_subsidy,partial,primary (state policy text),Govt. of Haryana,Haryana State Data Centre Policy 2022,https://cdnbbsr.s3waas.gov.in/s35352696a9ca3397beb79f116f3a33991/uploads/2022/07/2022071110.pdf,2022,2026-09-01,All benefits to Data Centres shall be subject to a maximum of 25% of Fixed Capital Investment.,2026-09-01
Haryana,eia_required,no,secondary (legal compilation),Ahlawat & Associates (summarising the Haryana State Data Centre Policy 2022),India Data Centre Policy by State,https://www.ahlawatassociates.com/blog/india-data-centre-policy-by-state,2024,2026-09-01,The notified policy contains no data-centre-specific environmental-assessment requirement (data centres are not a listed category under the EIA Notification 2006).,
Haryana,electricity_duty_exemption,yes,secondary (legal compilation),Ahlawat & Associates (summarising the Haryana State Data Centre Policy 2022),India Data Centre Policy by State,https://www.ahlawatassociates.com/blog/india-data-centre-policy-by-state,2024,2026-09-01,Long-term electricity duty exemption; power bill reimbursements.,
Haryana,land_incentive,yes,primary (state policy text),Govt. of Haryana,Haryana State Data Centre Policy 2022,https://cdnbbsr.s3waas.gov.in/s35352696a9ca3397beb79f116f3a33991/uploads/2022/07/2022071110.pdf,2022,2026-09-01,Government of Haryana shall endeavour to provide land on a sale/lease basis for the setting up of Data Centres.,2026-09-01
Haryana,policy_exists,yes,secondary (legal compilation),Ahlawat & Associates (summarising the Haryana State Data Centre Policy 2022),India Data Centre Policy by State,https://www.ahlawatassociates.com/blog/india-data-centre-policy-by-state,2024,2026-09-01,"Haryana State Data Centre Policy, 2022",
Haryana,policy_year,2022,secondary (legal compilation),Ahlawat & Associates (summarising the Haryana State Data Centre Policy 2022),India Data Centre Policy by State,https://www.ahlawatassociates.com/blog/india-data-centre-policy-by-state,2024,2026-09-01,"Haryana State Data Centre Policy, 2022",
Haryana,single_window,yes,secondary (legal compilation),Ahlawat & Associates (summarising the Haryana State Data Centre Policy 2022),India Data Centre Policy by State,https://www.ahlawatassociates.com/blog/india-data-centre-policy-by-state,2024,2026-09-01,single-window clearance as part of eased approvals.,
Haryana,stamp_duty_exemption,yes,secondary (legal compilation),Ahlawat & Associates (summarising the Haryana State Data Centre Policy 2022),India Data Centre Policy by State,https://www.ahlawatassociates.com/blog/india-data-centre-policy-by-state,2024,2026-09-01,100% reimbursement of stamp duty on initial sale or lease transactions.,
Karnataka,capital_subsidy,partial,secondary (legal compilation),Ahlawat & Associates (summarising the Karnataka Data Centre Policy 2022-2027),India Data Centre Policy by State,https://www.ahlawatassociates.com/blog/india-data-centre-policy-by-state,2024,2026-09-01,7% capital subsidy on fixed assets (outside Bengaluru; excluding land/building).,
Karnataka,eia_required,no,secondary (legal compilation),Ahlawat & Associates (summarising the Karnataka Data Centre Policy 2022-2027),India Data Centre Policy by State,https://www.ahlawatassociates.com/blog/india-data-centre-policy-by-state,2024,2026-09-01,The notified policy contains no data-centre-specific environmental-assessment requirement (data centres are not a listed category under the EIA Notification 2006).,
Karnataka,electricity_duty_exemption,yes,secondary (legal compilation),Ahlawat & Associates (summarising the Karnataka Data Centre Policy 2022-2027),India Data Centre Policy by State,https://www.ahlawatassociates.com/blog/india-data-centre-policy-by-state,2024,2026-09-01,Concessional industrial tariffs; electricity duty exemption.,
Karnataka,land_incentive,partial,secondary (legal compilation),Ahlawat & Associates (summarising the Karnataka Data Centre Policy 2022-2027),India Data Centre Policy by State,https://www.ahlawatassociates.com/blog/india-data-centre-policy-by-state,2024,2026-09-01,Land subsidies.,
Karnataka,policy_exists,yes,secondary (legal compilation),Ahlawat & Associates (summarising the Karnataka Data Centre Policy 2022-2027),India Data Centre Policy by State,https://www.ahlawatassociates.com/blog/india-data-centre-policy-by-state,2024,2026-09-01,Karnataka Data Centre Policy 2022-2027,
Karnataka,policy_year,2022,secondary (legal compilation),Ahlawat & Associates (summarising the Karnataka Data Centre Policy 2022-2027),India Data Centre Policy by State,https://www.ahlawatassociates.com/blog/india-data-centre-policy-by-state,2024,2026-09-01,Karnataka Data Centre Policy 2022-2027,
Karnataka,single_window,yes,secondary (legal compilation),Ahlawat & Associates (summarising the Karnataka Data Centre Policy 2022-2027),India Data Centre Policy by State,https://www.ahlawatassociates.com/blog/india-data-centre-policy-by-state,2024,2026-09-01,Single-window clearances; dual power connectivity.,
Karnataka,stamp_duty_exemption,partial,secondary (legal compilation),Ahlawat & Associates (summarising the Karnataka Data Centre Policy 2022-2027),India Data Centre Policy by State,https://www.ahlawatassociates.com/blog/india-data-centre-policy-by-state,2024,2026-09-01,100% stamp duty exemption on transactions specified.,
Kerala,capital_subsidy,no,primary (state IT policy),"Dept. of Electronics & IT, Govt. of Kerala",Kerala IT Policy 2023,https://itpolicy.startupmission.in/it-policy.pdf,2023,2026-09-01,"State data centres provide co-location, co-hosting, and cloud infrastructure to government departments for hosting their various e-governance applications in a centralized and secured manner.",2026-09-01
Kerala,eia_required,no,primary (state IT policy),"Dept. of Electronics & IT, Govt. of Kerala",Kerala IT Policy 2023,https://itpolicy.startupmission.in/it-policy.pdf,2023,2026-09-01,"State data centres provide co-location, co-hosting, and cloud infrastructure to government departments for hosting their various e-governance applications in a centralized and secured manner.",2026-09-01
Kerala,electricity_duty_exemption,no,primary (state IT policy),"Dept. of Electronics & IT, Govt. of Kerala",Kerala IT Policy 2023,https://itpolicy.startupmission.in/it-policy.pdf,2023,2026-09-01,"State data centres provide co-location, co-hosting, and cloud infrastructure to government departments for hosting their various e-governance applications in a centralized and secured manner.",2026-09-01
Kerala,land_incentive,no,primary (state IT policy),"Dept. of Electronics & IT, Govt. of Kerala",Kerala IT Policy 2023,https://itpolicy.startupmission.in/it-policy.pdf,2023,2026-09-01,"State data centres provide co-location, co-hosting, and cloud infrastructure to government departments for hosting their various e-governance applications in a centralized and secured manner.",2026-09-01
Kerala,policy_exists,no,primary (state IT policy),"Dept. of Electronics & IT, Govt. of Kerala",Kerala IT Policy 2023,https://itpolicy.startupmission.in/it-policy.pdf,2023,2026-09-01,"State data centres provide co-location, co-hosting, and cloud infrastructure to government departments for hosting their various e-governance applications in a centralized and secured manner.",2026-09-01
Kerala,single_window,no,primary (state IT policy),"Dept. of Electronics & IT, Govt. of Kerala",Kerala IT Policy 2023,https://itpolicy.startupmission.in/it-policy.pdf,2023,2026-09-01,"State data centres provide co-location, co-hosting, and cloud infrastructure to government departments for hosting their various e-governance applications in a centralized and secured manner.",2026-09-01
Kerala,stamp_duty_exemption,no,primary (state IT policy),"Dept. of Electronics & IT, Govt. of Kerala",Kerala IT Policy 2023,https://itpolicy.startupmission.in/it-policy.pdf,2023,2026-09-01,"State data centres provide co-location, co-hosting, and cloud infrastructure to government departments for hosting their various e-governance applications in a centralized and secured manner.",2026-09-01
Madhya Pradesh,capital_subsidy,no,secondary (Cushman & Wakefield state comparison),"Cushman & Wakefield, Data Centre Policies in India: A State-wise Comparison",Data Centre Policies in India: A State-wise Comparison,https://assets.cushmanwakefield.com/-/media/cw/apac/india/insights/data-centre-policies-in-india-a-statewise-comparison.pdf,2023,2026-09-01,"The States, within India that have announced Data Center Policies are - Telangana, Uttar Pradesh, Tamil Nadu, West Bengal and Odisha.",2026-09-01
Madhya Pradesh,eia_required,no,secondary (Cushman & Wakefield state comparison),"Cushman & Wakefield, Data Centre Policies in India: A State-wise Comparison",Data Centre Policies in India: A State-wise Comparison,https://assets.cushmanwakefield.com/-/media/cw/apac/india/insights/data-centre-policies-in-india-a-statewise-comparison.pdf,2023,2026-09-01,"The States, within India that have announced Data Center Policies are - Telangana, Uttar Pradesh, Tamil Nadu, West Bengal and Odisha.",2026-09-01
Madhya Pradesh,electricity_duty_exemption,no,secondary (Cushman & Wakefield state comparison),"Cushman & Wakefield, Data Centre Policies in India: A State-wise Comparison",Data Centre Policies in India: A State-wise Comparison,https://assets.cushmanwakefield.com/-/media/cw/apac/india/insights/data-centre-policies-in-india-a-statewise-comparison.pdf,2023,2026-09-01,"The States, within India that have announced Data Center Policies are - Telangana, Uttar Pradesh, Tamil Nadu, West Bengal and Odisha.",2026-09-01
Madhya Pradesh,land_incentive,no,secondary (Cushman & Wakefield state comparison),"Cushman & Wakefield, Data Centre Policies in India: A State-wise Comparison",Data Centre Policies in India: A State-wise Comparison,https://assets.cushmanwakefield.com/-/media/cw/apac/india/insights/data-centre-policies-in-india-a-statewise-comparison.pdf,2023,2026-09-01,"The States, within India that have announced Data Center Policies are - Telangana, Uttar Pradesh, Tamil Nadu, West Bengal and Odisha.",2026-09-01
Madhya Pradesh,policy_exists,no,secondary (Cushman & Wakefield state comparison),"Cushman & Wakefield, Data Centre Policies in India: A State-wise Comparison",Data Centre Policies in India: A State-wise Comparison,https://assets.cushmanwakefield.com/-/media/cw/apac/india/insights/data-centre-policies-in-india-a-statewise-comparison.pdf,2023,2026-09-01,"The States, within India that have announced Data Center Policies are - Telangana, Uttar Pradesh, Tamil Nadu, West Bengal and Odisha.",2026-09-01
Madhya Pradesh,single_window,no,secondary (Cushman & Wakefield state comparison),"Cushman & Wakefield, Data Centre Policies in India: A State-wise Comparison",Data Centre Policies in India: A State-wise Comparison,https://assets.cushmanwakefield.com/-/media/cw/apac/india/insights/data-centre-policies-in-india-a-statewise-comparison.pdf,2023,2026-09-01,"The States, within India that have announced Data Center Policies are - Telangana, Uttar Pradesh, Tamil Nadu, West Bengal and Odisha.",2026-09-01
Madhya Pradesh,stamp_duty_exemption,no,secondary (Cushman & Wakefield state comparison),"Cushman & Wakefield, Data Centre Policies in India: A State-wise Comparison",Data Centre Policies in India: A State-wise Comparison,https://assets.cushmanwakefield.com/-/media/cw/apac/india/insights/data-centre-policies-in-india-a-statewise-comparison.pdf,2023,2026-09-01,"The States, within India that have announced Data Center Policies are - Telangana, Uttar Pradesh, Tamil Nadu, West Bengal and Odisha.",2026-09-01
Maharashtra,capital_subsidy,partial,secondary (compilation: Cyril Amarchand Mangaldas),Cyril Amarchand Mangaldas (Maharashtra IT/ITeS Policy 2023 highlights),Key highlights of Maharashtra IT/ITeS Policy 2023,https://corporate.cyrilamarchandblogs.com/2023/07/key-highlights-of-maharashtra-it-ites-policy-2023-it-ites-units-iitts-and-data-centers/,2023,2026-09-01,Subsidy at INR 1 per unit for 5 years for new Data Centre Units located in areas other than Zone-I.,2026-09-01
Maharashtra,eia_required,no,primary (legal summary of the notified policy),Cyril Amarchand Mangaldas (quoting the Maharashtra IT-ITES Policy 2023),"Key highlights of Maharashtra IT-ITES Policy 2023: IT/ITES units, IITTS and data centers",https://corporate.cyrilamarchandblogs.com/2023/07/key-highlights-of-maharashtra-it-ites-policy-2023-it-ites-units-iitts-and-data-centers/,2023,2026-09-01,The notified policy contains no data-centre-specific environmental-assessment requirement (data centres are not a listed category under the EIA Notification 2006).,
Maharashtra,electricity_duty_exemption,yes,primary (legal summary of the notified policy),Cyril Amarchand Mangaldas (quoting the Maharashtra IT-ITES Policy 2023),"Key highlights of Maharashtra IT-ITES Policy 2023: IT/ITES units, IITTS and data centers",https://corporate.cyrilamarchandblogs.com/2023/07/key-highlights-of-maharashtra-it-ites-policy-2023-it-ites-units-iitts-and-data-centers/,2023,2026-09-01,Permanent exemption for payment of electricity duty.,
Maharashtra,land_incentive,yes,secondary (compilation: TaxGuru rendering of the GR),TaxGuru (Maharashtra IT/ITeS Policy 2023),Maharashtra Information Technology & ITeS Policy 2023,https://taxguru.in/corporate-law/maharashtra-information-technology-enabled-services-policy-2023.html,2023,2026-09-01,"Data centers, being a unique activity will be permitted to avail additional FSI.",2026-09-01
Maharashtra,policy_exists,yes,primary (legal summary of the notified policy),Cyril Amarchand Mangaldas (quoting the Maharashtra IT-ITES Policy 2023),"Key highlights of Maharashtra IT-ITES Policy 2023: IT/ITES units, IITTS and data centers",https://corporate.cyrilamarchandblogs.com/2023/07/key-highlights-of-maharashtra-it-ites-policy-2023-it-ites-units-iitts-and-data-centers/,2023,2026-09-01,"Data Center Park: dedicated data processing zone/ building, along with relevant infrastructure.",
Maharashtra,policy_year,2023,primary (legal summary of the notified policy),Cyril Amarchand Mangaldas (quoting the Maharashtra IT-ITES Policy 2023),"Key highlights of Maharashtra IT-ITES Policy 2023: IT/ITES units, IITTS and data centers",https://corporate.cyrilamarchandblogs.com/2023/07/key-highlights-of-maharashtra-it-ites-policy-2023-it-ites-units-iitts-and-data-centers/,2023,2026-09-01,The Information Technology and Information Technology Enabled Services Policy of Maharashtra State-2023,
Maharashtra,single_window,yes,primary (legal summary of the notified policy),Cyril Amarchand Mangaldas (quoting the Maharashtra IT-ITES Policy 2023),"Key highlights of Maharashtra IT-ITES Policy 2023: IT/ITES units, IITTS and data centers",https://corporate.cyrilamarchandblogs.com/2023/07/key-highlights-of-maharashtra-it-ites-policy-2023-it-ites-units-iitts-and-data-centers/,2023,2026-09-01,unified and integrated single window platform for applications and registration.,
Maharashtra,stamp_duty_exemption,yes,primary (legal summary of the notified policy),Cyril Amarchand Mangaldas (quoting the Maharashtra IT-ITES Policy 2023),"Key highlights of Maharashtra IT-ITES Policy 2023: IT/ITES units, IITTS and data centers",https://corporate.cyrilamarchandblogs.com/2023/07/key-highlights-of-maharashtra-it-ites-policy-2023-it-ites-units-iitts-and-data-centers/,2023,2026-09-01,100% stamp duty exemption for purchasing land/ premises for setting up a new data center.,
Odisha,capital_subsidy,yes,secondary (Cushman & Wakefield state comparison),"Cushman & Wakefield, Data Centre Policies in India: A State-wise Comparison (quoting the Odisha policy)",Data Centre Policies in India: A State-wise Comparison,https://assets.cushmanwakefield.com/-/media/cw/apac/india/insights/data-centre-policies-in-india-a-statewise-comparison.pdf,2023,2026-09-01,"Capital subsidy will be provided @ 20% of FCI-fixed capital investment (excluding) land cost, subject to an upper cap of Rs. 25 crores per Data Centre Unit.",2026-09-01
Odisha,eia_required,no,primary (state investment portal),"Government of Odisha, Invest Odisha (Odisha State Data Centre Policy 2022)",Odisha State Data Centre Policy 2022,https://investodisha.gov.in/datacentre-policy,2022,2026-09-01,"The policy sets out fiscal and infrastructure incentives (capital subsidy, stamp/electricity-duty exemption, land, single-window) and a 25% subsidy on cleaner/greener initiatives, but imposes no data-centre-specific environmental-impact-assessment requirement; data centres are not a listed category under the EIA Notification 2006.",2026-09-01
Odisha,electricity_duty_exemption,yes,secondary (Cushman & Wakefield state comparison),"Cushman & Wakefield, Data Centre Policies in India: A State-wise Comparison (quoting the Odisha policy)",Data Centre Policies in India: A State-wise Comparison,https://assets.cushmanwakefield.com/-/media/cw/apac/india/insights/data-centre-policies-in-india-a-statewise-comparison.pdf,2023,2026-09-01,100% exemption on electricity duty & electrical inspection fee upto a contract demand of 5 MVA for a period of 10 years,2026-09-01
Odisha,land_incentive,yes,primary (state investment portal),"Government of Odisha, Invest Odisha (Odisha State Data Centre Policy 2022)",Odisha State Data Centre Policy 2022,https://investodisha.gov.in/datacentre-policy,2022,2026-09-01,Land at concessional rates by IDCO as per IPR Policy; 100% reimbursement to be payable for converting land from agricultural use to industrial use,2026-09-01
Odisha,policy_exists,yes,primary (state investment portal),"Government of Odisha, Invest Odisha (Odisha State Data Centre Policy 2022)",Odisha State Data Centre Policy 2022,https://investodisha.gov.in/datacentre-policy,2022,2026-09-01,Odisha State Data Centre Policy 2022,2026-09-01
Odisha,policy_year,2022,primary (state investment portal),"Government of Odisha, Invest Odisha (Odisha State Data Centre Policy 2022)",Odisha State Data Centre Policy 2022,https://investodisha.gov.in/datacentre-policy,2022,2026-09-01,Odisha State Data Centre Policy 2022,2026-09-01
Odisha,single_window,yes,primary (state investment portal),"Government of Odisha, Invest Odisha (Odisha State Data Centre Policy 2022)",Odisha State Data Centre Policy 2022,https://investodisha.gov.in/datacentre-policy,2022,2026-09-01,Single window clearance system with a clear timeline for project approvals; online system for submission of application forms for various clearances,2026-09-01
Odisha,stamp_duty_exemption,yes,secondary (Cushman & Wakefield state comparison),"Cushman & Wakefield, Data Centre Policies in India: A State-wise Comparison (quoting the Odisha policy)",Data Centre Policies in India: A State-wise Comparison,https://assets.cushmanwakefield.com/-/media/cw/apac/india/insights/data-centre-policies-in-india-a-statewise-comparison.pdf,2023,2026-09-01,100% exemption of stamp duty on first transaction and 50% exemption on second transaction,2026-09-01
Punjab,capital_subsidy,no,secondary (Cushman & Wakefield state comparison),"Cushman & Wakefield, Data Centre Policies in India: A State-wise Comparison",Data Centre Policies in India: A State-wise Comparison,https://assets.cushmanwakefield.com/-/media/cw/apac/india/insights/data-centre-policies-in-india-a-statewise-comparison.pdf,2023,2026-09-01,"The States, within India that have announced Data Center Policies are - Telangana, Uttar Pradesh, Tamil Nadu, West Bengal and Odisha.",2026-09-01
Punjab,eia_required,no,secondary (Cushman & Wakefield state comparison),"Cushman & Wakefield, Data Centre Policies in India: A State-wise Comparison",Data Centre Policies in India: A State-wise Comparison,https://assets.cushmanwakefield.com/-/media/cw/apac/india/insights/data-centre-policies-in-india-a-statewise-comparison.pdf,2023,2026-09-01,"The States, within India that have announced Data Center Policies are - Telangana, Uttar Pradesh, Tamil Nadu, West Bengal and Odisha.",2026-09-01
Punjab,electricity_duty_exemption,no,secondary (Cushman & Wakefield state comparison),"Cushman & Wakefield, Data Centre Policies in India: A State-wise Comparison",Data Centre Policies in India: A State-wise Comparison,https://assets.cushmanwakefield.com/-/media/cw/apac/india/insights/data-centre-policies-in-india-a-statewise-comparison.pdf,2023,2026-09-01,"The States, within India that have announced Data Center Policies are - Telangana, Uttar Pradesh, Tamil Nadu, West Bengal and Odisha.",2026-09-01
Punjab,land_incentive,no,secondary (Cushman & Wakefield state comparison),"Cushman & Wakefield, Data Centre Policies in India: A State-wise Comparison",Data Centre Policies in India: A State-wise Comparison,https://assets.cushmanwakefield.com/-/media/cw/apac/india/insights/data-centre-policies-in-india-a-statewise-comparison.pdf,2023,2026-09-01,"The States, within India that have announced Data Center Policies are - Telangana, Uttar Pradesh, Tamil Nadu, West Bengal and Odisha.",2026-09-01
Punjab,policy_exists,no,secondary (Cushman & Wakefield state comparison),"Cushman & Wakefield, Data Centre Policies in India: A State-wise Comparison",Data Centre Policies in India: A State-wise Comparison,https://assets.cushmanwakefield.com/-/media/cw/apac/india/insights/data-centre-policies-in-india-a-statewise-comparison.pdf,2023,2026-09-01,"The States, within India that have announced Data Center Policies are - Telangana, Uttar Pradesh, Tamil Nadu, West Bengal and Odisha.",2026-09-01
Punjab,single_window,no,secondary (Cushman & Wakefield state comparison),"Cushman & Wakefield, Data Centre Policies in India: A State-wise Comparison",Data Centre Policies in India: A State-wise Comparison,https://assets.cushmanwakefield.com/-/media/cw/apac/india/insights/data-centre-policies-in-india-a-statewise-comparison.pdf,2023,2026-09-01,"The States, within India that have announced Data Center Policies are - Telangana, Uttar Pradesh, Tamil Nadu, West Bengal and Odisha.",2026-09-01
Punjab,stamp_duty_exemption,no,secondary (Cushman & Wakefield state comparison),"Cushman & Wakefield, Data Centre Policies in India: A State-wise Comparison",Data Centre Policies in India: A State-wise Comparison,https://assets.cushmanwakefield.com/-/media/cw/apac/india/insights/data-centre-policies-in-india-a-statewise-comparison.pdf,2023,2026-09-01,"The States, within India that have announced Data Center Policies are - Telangana, Uttar Pradesh, Tamil Nadu, West Bengal and Odisha.",2026-09-01
Rajasthan,capital_subsidy,yes,trade press (PSU Watch) + secondary (Drishti IAS),Govt. of Rajasthan (as reported),Rajasthan Data Center Policy-2025 (as reported),https://psuwatch.com/newsupdates/rajasthan-data-centre-policy-to-attract-rs-20000-crore-investment-in-five-years-cm-bhajanlal-sharma,2025,2026-09-01,annual asset creation incentive of Rs 10-20 crore for 10 years; 25 percent additional sunrise incentive to the first 3 data centers investing more than Rs 100 crore,2026-09-01
Rajasthan,eia_required,no,trade press (PSU Watch),Govt. of Rajasthan (as reported),Rajasthan Data Center Policy-2025 (as reported),https://psuwatch.com/newsupdates/rajasthan-data-centre-policy-to-attract-rs-20000-crore-investment-in-five-years-cm-bhajanlal-sharma,2025,2026-09-01,50 per cent reimbursement up to Rs 12.5 crore as Green Solution Incentive,2026-09-01
Rajasthan,electricity_duty_exemption,no,trade press (PSU Watch),Govt. of Rajasthan (as reported),Rajasthan Data Center Policy-2025 (as reported),https://psuwatch.com/newsupdates/rajasthan-data-centre-policy-to-attract-rs-20000-crore-investment-in-five-years-cm-bhajanlal-sharma,2025,2026-09-01,"100 per cent exemption in banking, transmission and wheeling charges",2026-09-01
Rajasthan,land_incentive,yes,trade press (PSU Watch),Govt. of Rajasthan (as reported),Rajasthan Data Center Policy-2025 (as reported),https://psuwatch.com/newsupdates/rajasthan-data-centre-policy-to-attract-rs-20000-crore-investment-in-five-years-cm-bhajanlal-sharma,2025,2026-09-01,"flexible payment facility related to land; exemption in stamp duty, land conversion and electricity charges",2026-09-01
Rajasthan,policy_exists,yes,secondary (Drishti IAS),"Govt. of Rajasthan, Dept. of IT&C (RISING Rajasthan)",Rajasthan Data Center Policy-2025 (as reported),https://www.drishtiias.com/state-pcs-current-affairs/data-center-policy-2025,2025,2026-09-01,the Rajasthan Government has implemented the 'Rajasthan Data Center Policy-2025',2026-09-01
Rajasthan,single_window,no,secondary (Drishti IAS),Govt. of Rajasthan (as reported),Rajasthan Data Center Policy-2025 (as reported),https://www.drishtiias.com/state-pcs-current-affairs/data-center-policy-2025,2025,2026-09-01,annual asset creation incentive of Rs 10-20 crore for 10 years,2026-09-01
Rajasthan,stamp_duty_exemption,yes,trade press (PSU Watch),Govt. of Rajasthan (as reported),Rajasthan Data Center Policy-2025 (as reported),https://psuwatch.com/newsupdates/rajasthan-data-centre-policy-to-attract-rs-20000-crore-investment-in-five-years-cm-bhajanlal-sharma,2025,2026-09-01,"exemption in stamp duty, land conversion and electricity charges",2026-09-01
Tamil Nadu,capital_subsidy,partial,secondary (compilation: Cushman & Wakefield state comparison),Cushman & Wakefield (quoting the Tamil Nadu Data Centre Policy 2021),Data Centre Policies in India: A State-wise Comparison,https://assets.cushmanwakefield.com/-/media/cw/apac/india/insights/data-centre-policies-in-india-a-statewise-comparison.pdf,2023,2026-09-01,7% capital subsidy up to INR 20 cr on fixed capital investment excluding land and building,2026-09-01
Tamil Nadu,eia_required,no,press (trade),DatacenterDynamics (reporting the TN Govt policy),India's Tamil Nadu government releases data center policy,https://www.datacenterdynamics.com/en/news/indias-tamil-nadu-government-releases-data-center-policy/,2021,2026-09-01,The notified policy contains no data-centre-specific environmental-assessment requirement (data centres are not a listed category under the EIA Notification 2006).,
Tamil Nadu,electricity_duty_exemption,yes,press (trade),DatacenterDynamics (reporting the TN Govt policy),India's Tamil Nadu government releases data center policy,https://www.datacenterdynamics.com/en/news/indias-tamil-nadu-government-releases-data-center-policy/,2021,2026-09-01,100 percent subsidy on the tax on that energy for five years when purchasing from the state utility.,
Tamil Nadu,land_incentive,yes,press (trade),DatacenterDynamics (reporting the TN Govt policy),India's Tamil Nadu government releases data center policy,https://www.datacenterdynamics.com/en/news/indias-tamil-nadu-government-releases-data-center-policy/,2021,2026-09-01,Up to 50% subsidy on land costs in lower-tier categories.,
Tamil Nadu,policy_exists,yes,press (trade),DatacenterDynamics (reporting the TN Govt policy),India's Tamil Nadu government releases data center policy,https://www.datacenterdynamics.com/en/news/indias-tamil-nadu-government-releases-data-center-policy/,2021,2026-09-01,The Tamil Nadu government launched this policy to incentivize data center development in the state.,
Tamil Nadu,policy_year,2021,press (trade),DatacenterDynamics (reporting the TN Govt policy),India's Tamil Nadu government releases data center policy,https://www.datacenterdynamics.com/en/news/indias-tamil-nadu-government-releases-data-center-policy/,2021,2026-09-01,"applies to facilities incorporated between April 1, 2021, and March 31, 2026.",
Tamil Nadu,single_window,yes,press (trade),DatacenterDynamics (reporting the TN Govt policy),India's Tamil Nadu government releases data center policy,https://www.datacenterdynamics.com/en/news/indias-tamil-nadu-government-releases-data-center-policy/,2021,2026-09-01,Single-window clearances and provisions for generator stacking and parking.,
Tamil Nadu,stamp_duty_exemption,yes,press (trade),DatacenterDynamics (reporting the TN Govt policy),India's Tamil Nadu government releases data center policy,https://www.datacenterdynamics.com/en/news/indias-tamil-nadu-government-releases-data-center-policy/,2021,2026-09-01,stamp duty exemptions ranging from 50% ... to 100 percent stamp duty exemptions in Category C regions.,
Telangana,capital_subsidy,no,primary (state policy text),"Dept. of ITE&C, Govt. of Telangana",Telangana Data Centres Policy 2016,https://invest.telangana.gov.in/wp-content/uploads/2024/07/Telangana-Data-Centres-Policy-1.pdf,2016,2026-09-01,Land shall be provided at a subsidized cost as decided by CCITI and concerned ministers. Up to 50% rebate shall be given on building fees as decided by CCITI.,2026-09-01
Telangana,eia_required,no,primary (govt policy PDF),"Govt of Telangana, IT E&C Dept",Telangana Data Centres Policy 2016,https://invest.telangana.gov.in/wp-content/uploads/2024/07/Telangana-Data-Centres-Policy-1.pdf,2016,2026-09-01,"Special permissions need to be taken from SEIAA under MoEF for IT parks exceeding 20,000 sq.mt. -- a general built-up-area trigger, not a data-centre-specific EIA requirement.",
Telangana,electricity_duty_exemption,yes,primary (govt policy PDF),"Govt of Telangana, IT E&C Dept",Telangana Data Centres Policy 2016,https://invest.telangana.gov.in/wp-content/uploads/2024/07/Telangana-Data-Centres-Policy-1.pdf,2016,2026-09-01,Government shall provide power to eligible data centres at the cost of generation; Data Centre firms are exempt from statutory power cuts.,
Telangana,land_incentive,yes,primary (govt policy PDF),"Govt of Telangana, IT E&C Dept",Telangana Data Centres Policy 2016,https://invest.telangana.gov.in/wp-content/uploads/2024/07/Telangana-Data-Centres-Policy-1.pdf,2016,2026-09-01,Land shall be provided at a subsidized cost as decided by CCITI and concerned ministers.,
Telangana,policy_exists,yes,primary (govt policy PDF),"Govt of Telangana, IT E&C Dept",Telangana Data Centres Policy 2016,https://invest.telangana.gov.in/wp-content/uploads/2024/07/Telangana-Data-Centres-Policy-1.pdf,2016,2026-09-01,This policy will set a clear roadmap on how the State wishes to position itself with respect to data centres and allied activities.,
Telangana,policy_year,2016,primary (govt policy PDF),"Govt of Telangana, IT E&C Dept",Telangana Data Centres Policy 2016,https://invest.telangana.gov.in/wp-content/uploads/2024/07/Telangana-Data-Centres-Policy-1.pdf,2016,2026-09-01,Data Centres Policy ... Government of Telangana 2016,
Telangana,single_window,yes,primary (govt policy PDF),"Govt of Telangana, IT E&C Dept",Telangana Data Centres Policy 2016,https://invest.telangana.gov.in/wp-content/uploads/2024/07/Telangana-Data-Centres-Policy-1.pdf,2016,2026-09-01,Applications related to building permissions shall be covered under the single window clearance system of TS-iPASS.,
Telangana,stamp_duty_exemption,yes,primary (state framework text),"Dept. of ITE&C, Govt. of Telangana",Telangana ICT Policy Framework 2016,https://invest.telangana.gov.in/wp-content/uploads/2024/07/Telangana-ICT-Policy-Framework-2016-1.pdf,2016,2026-09-01,"Reimbursement of stamp duty, transfer duty and Registration Fees",2026-09-01
Tripura,capital_subsidy,yes,press,"Northeast Today (Abhijit Nath, NET Correspondent)",Tripura Government Launches 'Data Center Policy-2021' To Promote IT & ITES Industry,https://northeasttoday.in/northeast/tripura-government-launches-data-center-policy-2021-to-promote-it-ites-industry/,2021-11-13,2026-09-01,Enterprises will also be given 30 per cent subsidy on capital investment.,
Tripura,eia_required,no,"primary (state policy text, Tripura Gazette)","Dept. of Industries & Commerce, Govt. of Tripura",Tripura Data Centre Policy 2021,https://risingnortheast.in/wp-content/uploads/2025/04/Tripura_Data_Centre_Policy_2021_0_compressed.pdf,2021,2026-09-01,Capital Investment subsidy will be provided in Data Centre at the rate of 30% on total fixed capital investment in Data Centre Non-IT Infrastructure.,2026-09-01
Tripura,electricity_duty_exemption,partial,press,"Northeast Today (Abhijit Nath, NET Correspondent)",Tripura Government Launches 'Data Center Policy-2021' To Promote IT & ITES Industry,https://northeasttoday.in/northeast/tripura-government-launches-data-center-policy-2021-to-promote-it-ites-industry/,2021-11-13,2026-09-01,"In addition, low cost power supply, dual grid power supply, use of renewable energy, additional power generation of solar and wind power etc. will be provided.",
Tripura,land_incentive,yes,press,"Northeast Today (Abhijit Nath, NET Correspondent)",Tripura Government Launches 'Data Center Policy-2021' To Promote IT & ITES Industry,https://northeasttoday.in/northeast/tripura-government-launches-data-center-policy-2021-to-promote-it-ites-industry/,2021-11-13,2026-09-01,"state government, Public Works Department and the private sector will be receive 50 percent discount on rent up to Rs 12 lakh per annum wherever the initiative is set up. Or the state government will subsidize the lease of land on long term (30 years) basis.",
Tripura,policy_exists,yes,press,"Northeast Today (Abhijit Nath, NET Correspondent)",Tripura Government Launches 'Data Center Policy-2021' To Promote IT & ITES Industry,https://northeasttoday.in/northeast/tripura-government-launches-data-center-policy-2021-to-promote-it-ites-industry/,2021-11-13,2026-09-01,The Tripura government recently launched 'Tripura Data Center Policy-2021' to encourage the IT and ITES industry in the state.,
Tripura,policy_year,2021,press,"Northeast Today (Abhijit Nath, NET Correspondent)",Tripura Government Launches 'Data Center Policy-2021' To Promote IT & ITES Industry,https://northeasttoday.in/northeast/tripura-government-launches-data-center-policy-2021-to-promote-it-ites-industry/,2021-11-13,2026-09-01,"The data center policy effective from October 30, 2021 to March 2027 aims to cover all micro, small, medium and IT-related public, private and joint venture companies across the state.",
Tripura,single_window,yes,"primary (state policy text, Tripura Gazette)","Dept. of Industries & Commerce, Govt. of Tripura",Tripura Data Centre Policy 2021,https://risingnortheast.in/wp-content/uploads/2025/04/Tripura_Data_Centre_Policy_2021_0_compressed.pdf,2021,2026-09-01,setting up the single window clearance under Ease of Doing Business initiative,2026-09-01
Tripura,stamp_duty_exemption,no,"primary (state policy text, Tripura Gazette)","Dept. of Industries & Commerce, Govt. of Tripura",Tripura Data Centre Policy 2021,https://risingnortheast.in/wp-content/uploads/2025/04/Tripura_Data_Centre_Policy_2021_0_compressed.pdf,2021,2026-09-01,Capital Investment subsidy will be provided in Data Centre at the rate of 30% on total fixed capital investment in Data Centre Non-IT Infrastructure. State Government shall lease land on long term basis (30 years) at concessional rate as per the prevailing policies for setting up of data centre in the State.,2026-09-01
Uttar Pradesh,capital_subsidy,yes,primary (govt portal),"Invest UP, Govt of Uttar Pradesh",Uttar Pradesh Data Centre Policy 2021,https://invest.up.gov.in/up-data-centre-policy-2021/,2021,2026-09-01,Capital Subsidy to units @7% upto maximum Rs 10 Crores on FCI.,
Uttar Pradesh,eia_required,no,primary (govt portal),"Invest UP, Govt of Uttar Pradesh",Uttar Pradesh Data Centre Policy 2021,https://invest.up.gov.in/up-data-centre-policy-2021/,2021,2026-09-01,The notified policy contains no data-centre-specific environmental-assessment requirement (data centres are not a listed category under the EIA Notification 2006).,
Uttar Pradesh,electricity_duty_exemption,yes,primary (govt portal),"Invest UP, Govt of Uttar Pradesh",Uttar Pradesh Data Centre Policy 2021,https://invest.up.gov.in/up-data-centre-policy-2021/,2021,2026-09-01,Electricity duty exemption @100% for 10 years to units.,
Uttar Pradesh,land_incentive,yes,primary (govt portal),"Invest UP, Govt of Uttar Pradesh",Uttar Pradesh Data Centre Policy 2021,https://invest.up.gov.in/up-data-centre-policy-2021/,2021,2026-09-01,Land Subsidy 25% on prevailing sector rates in Madhyanchal & Paschimanchal; and @50%.,
Uttar Pradesh,policy_exists,yes,primary (govt portal),"Invest UP, Govt of Uttar Pradesh",Uttar Pradesh Data Centre Policy 2021,https://invest.up.gov.in/up-data-centre-policy-2021/,2021,2026-09-01,Uttar Pradesh Data Centre Policy 2021,
Uttar Pradesh,policy_year,2021,primary (govt portal),"Invest UP, Govt of Uttar Pradesh",Uttar Pradesh Data Centre Policy 2021,https://invest.up.gov.in/up-data-centre-policy-2021/,2021,2026-09-01,Uttar Pradesh Data Centre Policy 2021,
Uttar Pradesh,single_window,yes,primary (state policy text),"Dept. of IT & Electronics, Govt. of Uttar Pradesh",Uttar Pradesh Data Centre Policy-2021,https://invest.up.gov.in/wp-content/uploads/2021/09/DC-Policy-2021-Eng-final_page-f.pdf,2021,2026-09-01,Nodal Agency will utilize 'Nivesh Mitra' portal to act as Single Window system for investors to avail timely clearances.,2026-09-01
Uttar Pradesh,stamp_duty_exemption,yes,primary (govt portal),"Invest UP, Govt of Uttar Pradesh",Uttar Pradesh Data Centre Policy 2021,https://invest.up.gov.in/up-data-centre-policy-2021/,2021,2026-09-01,Stamp duty exemption @100% on first transaction and @50% on second transaction.,
West Bengal,capital_subsidy,no,primary (state policy text),"Dept. of IT&E, Govt. of West Bengal",West Bengal Data Centre Policy 2021,https://wbxpress.com/west-bengal-data-centre-policy-2021/,2021,2026-09-01,"To provide 100% exemption of stamp duty and registration fees for any transaction related to setting up Data Centre(s) in the State. To provide waiver of electricity duty, on the actual electricity consumption for 5 years, from the date of start of commercial operations.",2026-09-01
West Bengal,eia_required,no,"primary (govt notification, reproduced)",Govt of West Bengal (WBXPress reproduction),"West Bengal Data Centre Policy, 2021",https://wbxpress.com/west-bengal-data-centre-policy-2021/,2021-09-06,2026-09-01,The notified policy contains no data-centre-specific environmental-assessment requirement (data centres are not a listed category under the EIA Notification 2006).,
West Bengal,electricity_duty_exemption,yes,"primary (govt notification, reproduced)",Govt of West Bengal (WBXPress reproduction),"West Bengal Data Centre Policy, 2021",https://wbxpress.com/west-bengal-data-centre-policy-2021/,2021-09-06,2026-09-01,"waiver of electricity duty, on the actual electricity consumption for 5 years, from the date of start of commercial operations.",
West Bengal,land_incentive,no,primary (state policy text),"Dept. of IT&E, Govt. of West Bengal",West Bengal Data Centre Policy 2021,https://wbxpress.com/west-bengal-data-centre-policy-2021/,2021,2026-09-01,"To provide 100% exemption of stamp duty and registration fees for any transaction related to setting up Data Centre(s) in the State. To provide waiver of electricity duty, on the actual electricity consumption for 5 years, from the date of start of commercial operations.",2026-09-01
West Bengal,policy_exists,yes,"primary (govt notification, reproduced)",Govt of West Bengal (WBXPress reproduction),"West Bengal Data Centre Policy, 2021",https://wbxpress.com/west-bengal-data-centre-policy-2021/,2021-09-06,2026-09-01,"the Governor is pleased to notify the 'West Bengal Data Centre Policy, 2021'.",
West Bengal,policy_year,2021,"primary (govt notification, reproduced)",Govt of West Bengal (WBXPress reproduction),"West Bengal Data Centre Policy, 2021",https://wbxpress.com/west-bengal-data-centre-policy-2021/,2021-09-06,2026-09-01,"West Bengal Data Centre Policy, 2021 (dated 06.09.2021).",
West Bengal,single_window,yes,"primary (govt notification, reproduced)",Govt of West Bengal (WBXPress reproduction),"West Bengal Data Centre Policy, 2021",https://wbxpress.com/west-bengal-data-centre-policy-2021/,2021-09-06,2026-09-01,The 'Shilpa Sathi' portal shall be used for all single window clearances.,
West Bengal,stamp_duty_exemption,yes,"primary (govt notification, reproduced)",Govt of West Bengal (WBXPress reproduction),"West Bengal Data Centre Policy, 2021",https://wbxpress.com/west-bengal-data-centre-policy-2021/,2021-09-06,2026-09-01,100% exemption of stamp duty and registration fees for any transaction related to setting up Data Centre(s).,
Andhra Pradesh,policy_year,2024,primary (G.O.),"ITE&C (Promotion Wing) Dept., Govt. of Andhra Pradesh (APIIC)",Andhra Pradesh Data Center Policy (4.0) 2024-2029,https://apiic.in/wp-content/themes/custom-theme/assets/Pdfs/2024ITC_33902_MS6.pdf,2024,2026-09-01,Andhra Pradesh Data Center Policy (4.0) 2024-2029,2026-09-01
Rajasthan,policy_year,2025,secondary (Drishti IAS),"Govt. of Rajasthan, Dept. of IT&C",Rajasthan Data Center Policy-2025 (as reported),https://www.drishtiias.com/state-pcs-current-affairs/data-center-policy-2025,2025,2026-09-01,the Rajasthan Government has implemented the 'Rajasthan Data Center Policy-2025',2026-09-01
