district,state,operating_facilities,electricity_gwh_per_yr,esmi_monitors,esmi_urban_monitors,esmi_rural_monitors,interruption_h_per_yr_all_monitors,interruption_h_per_yr_urban,interruption_h_per_yr_rural,monitor_min_h,monitor_max_h,recorded_monitor_days,esmi_period_first,esmi_period_last,esmi_districts_pooled,state_urban_median_h,state_urban_monitors,outage_hours_tier,outage_hours_tier_label,outage_hours_used_O_d,feeder_fraction_f,testing_h_per_yr,generator_hours_central,diesel_electricity_mwh_central,diesel_nox_t_central,diesel_pm25_t_central,outage_hours_zero_fill_rule,notes
Thane,Maharashtra,28,4180,8,5,3,450.3,143.7,961.4,99.9,1630.5,7749,2015-09-07,2019-12-31,Palghar; Thane,158.2,51,1,district urban monitors (ESMI),143.7,0.4,100,157.5,75144.4,601.16,15.029,143.7,"Measured in this district: ESMI urban monitors (state capital, district HQ or municipal area)."
Bangalore,Karnataka,27,1734.2,13,13,0,424.8,424.8,,122,1232.8,11598,2014-11-05,2019-12-31,Bengaluru Urban,270.9,32,1,district urban monitors (ESMI),424.8,0.4,100,269.9,53436.6,427.49,10.687,424.8,"Measured in this district: ESMI urban monitors (state capital, district HQ or municipal area)."
Rangareddy,Telangana,14,2200.8,1,1,0,227.7,227.7,,227.7,227.7,533,2015-10-10,2019-02-18,Rangareddy,201.6,16,1,district urban monitors (ESMI),227.7,0.4,100,191.1,48005.6,384.04,9.601,227.7,"Measured in this district: ESMI urban monitors (state capital, district HQ or municipal area)."
Gautam Buddha Nagar,Uttar Pradesh,17,1642.5,1,1,0,273.2,273.2,,273.2,273.2,488,2018-02-21,2019-12-31,Gautam Buddh Nagar,686,90,1,district urban monitors (ESMI),273.2,0.4,100,209.3,39239.5,313.92,7.848,273.2,"Measured in this district: ESMI urban monitors (state capital, district HQ or municipal area)."
Thiruvallur,Tamil Nadu,6,1495.2,10,10,0,248.4,248.4,,107.5,978.7,3774,2018-01-15,2019-12-31,Thiruvallur,139.6,27,1,district urban monitors (ESMI),248.4,0.4,100,199.4,34028.4,272.23,6.806,248.4,"Measured in this district: ESMI urban monitors (state capital, district HQ or municipal area)."
Pune,Maharashtra,14,1454.2,18,12,6,316.7,176.1,598,40.8,993,28961,2014-10-22,2019-12-31,Pune,158.2,51,1,district urban monitors (ESMI),176.1,0.4,100,170.4,28293.7,226.35,5.659,176.1,"Measured in this district: ESMI urban monitors (state capital, district HQ or municipal area)."
Kancheepuram,Tamil Nadu,11,1216.3,4,4,0,101.9,101.9,,33.2,204.7,3297,2014-10-29,2019-12-31,Kancheepuram,139.6,27,1,district urban monitors (ESMI),101.9,0.4,100,140.8,19544.4,156.36,3.909,101.9,"Measured in this district: ESMI urban monitors (state capital, district HQ or municipal area)."
Gurgaon,Haryana,8,471,1,1,0,477.8,477.8,,477.8,477.8,935,2014-10-28,2017-06-12,Gurgaon,290.6,5,1,district urban monitors (ESMI),477.8,0.4,100,291.1,15652.6,125.22,3.131,477.8,"Measured in this district: ESMI urban monitors (state capital, district HQ or municipal area)."
North Twenty Four Parganas,West Bengal,6,426.7,1,1,0,368.5,368.5,,368.5,368.5,76,2014-12-16,2015-11-27,North 24 Parganas,48.5,9,1,district urban monitors (ESMI),368.5,0.4,100,247.4,12051.8,96.41,2.41,368.5,"Measured in this district: ESMI urban monitors (state capital, district HQ or municipal area)."
Mumbai Suburban,Maharashtra,15,963.4,1,1,0,10.9,10.9,,10.9,10.9,1464,2015-05-31,2019-12-31,Mumbai Suburban District,158.2,51,1,district urban monitors (ESMI),10.9,0.4,100,104.4,11477.3,91.82,2.295,10.9,"Measured in this district: ESMI urban monitors (state capital, district HQ or municipal area)."
Raigarh,Maharashtra,2,605.1,0,0,0,,,,,,,,,,158.2,51,3,state median of urban monitors (no monitor in the district),158.2,0.4,100,163.3,11278,90.22,2.256,0,No ESMI monitor in this district: state median of urban monitors.
Patna,Bihar,3,150.3,0,0,0,,,,,,,,,,1065.4,9,3,state median of urban monitors (no monitor in the district),1065.4,0.4,100,526.2,9030.2,72.24,1.806,0,No ESMI monitor in this district: state median of urban monitors.
Mahbubnagar,Telangana,2,411.2,0,0,0,,,,,,,,,,201.6,16,3,state median of urban monitors (no monitor in the district),201.6,0.4,100,180.6,8478.4,67.83,1.696,0,No ESMI monitor in this district: state median of urban monitors.
Khordha,Odisha,4,253,5,5,0,290,290,,67,532.4,3647,2014-11-07,2019-12-31,Khordha,363.8,6,1,district urban monitors (ESMI),290,0.4,100,216,6238.8,49.91,1.248,290,"Measured in this district: ESMI urban monitors (state capital, district HQ or municipal area)."
Bangalore Rural,Karnataka,2,196.2,0,0,0,,,,,,,,,,270.9,32,3,state median of urban monitors (no monitor in the district),270.9,0.4,100,208.3,4666.8,37.33,0.933,0,No ESMI monitor in this district: state median of urban monitors.
Ernakulam,Kerala,7,189.8,0,0,0,,,,,,,,,,,,4,national median of urban monitors (no monitor in the district or state),261.2,0.4,100,204.5,4429.6,35.44,0.886,0,No ESMI monitor in this district or its state: national median of urban monitors.
Guntur,Andhra Pradesh,1,94.9,0,0,0,,,,,,,,,,736,4,3,state median of urban monitors (no monitor in the district),736,0.4,100,394.4,4272.1,34.18,0.854,0,No ESMI monitor in this district: state median of urban monitors.
Sahibzada Ajit Singh Nagar,Punjab,3,221.4,1,1,0,122.9,122.9,,122.9,122.9,1587,2015-08-27,2019-12-31,Sahibzada Ajit Singh Nagar,122.9,1,1,district urban monitors (ESMI),122.9,0.4,100,149.2,3769.7,30.16,0.754,122.9,"Measured in this district: ESMI urban monitors (state capital, district HQ or municipal area)."
Jaipur,Rajasthan,7,169.6,9,8,1,845.1,212.1,5908.9,30.3,5908.9,5166,2015-09-10,2019-06-10,Jaipur,115.8,12,1,district urban monitors (ESMI),212.1,0.4,100,184.8,3577.9,28.62,0.716,212.1,"Measured in this district: ESMI urban monitors (state capital, district HQ or municipal area)."
Hyderabad,Telangana,4,142.3,13,12,1,232.1,237.1,172.5,48.8,657,13555,2014-10-29,2019-12-31,Hyderabad,201.6,16,1,district urban monitors (ESMI),237.1,0.4,100,194.8,3165.5,25.32,0.633,237.1,"Measured in this district: ESMI urban monitors (state capital, district HQ or municipal area)."
Chennai,Tamil Nadu,5,159.8,5,5,0,132.3,132.3,,32.2,403.7,4135,2014-11-30,2019-12-31,Chennai,139.6,27,1,district urban monitors (ESMI),132.3,0.4,100,152.9,2788.7,22.31,0.558,132.3,"Measured in this district: ESMI urban monitors (state capital, district HQ or municipal area)."
Ramanagara,Karnataka,1,94.9,0,0,0,,,,,,,,,,270.9,32,3,state median of urban monitors (no monitor in the district),270.9,0.4,100,208.3,2256.6,18.05,0.451,0,No ESMI monitor in this district: state median of urban monitors.
Gandhinagar,Gujarat,5,136.3,0,0,0,,,,,,,,,,92.5,1,3,state median of urban monitors (no monitor in the district),92.5,0.4,100,137,2132,17.06,0.426,0,No ESMI monitor in this district: state median of urban monitors.
Nashik,Maharashtra,1,94.9,13,5,8,467.5,231.5,615.1,100.3,1370.7,8282,2014-11-24,2019-12-31,Nashik,158.2,51,1,district urban monitors (ESMI),231.5,0.4,100,192.6,2086.1,16.69,0.417,231.5,"Measured in this district: ESMI urban monitors (state capital, district HQ or municipal area)."
Mumbai,Maharashtra,4,152.9,1,1,0,39.1,39.1,,39.1,39.1,630,2015-09-06,2017-06-12,Mumbai,158.2,51,1,district urban monitors (ESMI),39.1,0.4,100,115.6,2018.2,16.15,0.404,39.1,"Measured in this district: ESMI urban monitors (state capital, district HQ or municipal area)."
Indore,Madhya Pradesh,2,94.9,0,0,0,,,,,,,,,,166.2,14,3,state median of urban monitors (no monitor in the district),166.2,0.4,100,166.5,1803.4,14.43,0.361,0,No ESMI monitor in this district: state median of urban monitors.
Panchkula,Haryana,1,68.7,0,0,0,,,,,,,,,,290.6,5,3,state median of urban monitors (no monitor in the district),290.6,0.4,100,216.2,1695.3,13.56,0.339,0,No ESMI monitor in this district: state median of urban monitors.
Coimbatore,Tamil Nadu,3,94.9,0,0,0,,,,,,,,,,139.6,27,3,state median of urban monitors (no monitor in the district),139.6,0.4,100,155.8,1687.9,13.5,0.338,0,No ESMI monitor in this district: state median of urban monitors.
South,Nct Of Delhi,2,107.9,1,1,0,76.6,76.6,,76.6,76.6,1556,2015-04-07,2019-12-23,South Delhi,76.6,7,1,district urban monitors (ESMI),76.6,0.4,100,130.6,1609.5,12.88,0.322,76.6,"Measured in this district: ESMI urban monitors (state capital, district HQ or municipal area)."
Ahmadabad,Gujarat,5,79.1,0,0,0,,,,,,,,,,92.5,1,3,state median of urban monitors (no monitor in the district),92.5,0.4,100,137,1236.6,9.89,0.247,0,No ESMI monitor in this district: state median of urban monitors.
North East,Nct Of Delhi,2,47.4,1,1,0,308.4,308.4,,308.4,308.4,862,2015-05-22,2019-08-31,North East Delhi,76.6,7,1,district urban monitors (ESMI),308.4,0.4,100,223.4,1209.6,9.68,0.242,308.4,"Measured in this district: ESMI urban monitors (state capital, district HQ or municipal area)."
Kolkata,West Bengal,3,61.1,8,8,0,88.4,88.4,,5.9,309.1,4391,2014-12-16,2019-12-31,Kolkata,48.5,9,1,district urban monitors (ESMI),88.4,0.4,100,135.4,943.5,7.55,0.189,88.4,"Measured in this district: ESMI urban monitors (state capital, district HQ or municipal area)."
Raipur,Chattisgarh,2,63.3,1,1,0,59.1,59.1,,59.1,59.1,1317,2016-05-18,2019-12-31,Raipur,59.1,1,1,district urban monitors (ESMI),59.1,0.4,100,123.6,892.8,7.14,0.179,59.1,"Measured in this district: ESMI urban monitors (state capital, district HQ or municipal area)."
Ambala,Haryana,1,31.6,0,0,0,,,,,,,,,,290.6,5,3,state median of urban monitors (no monitor in the district),290.6,0.4,100,216.2,780.7,6.25,0.156,0,No ESMI monitor in this district: state median of urban monitors.
Yamunanagar,Haryana,1,31.6,0,0,0,,,,,,,,,,290.6,5,3,state median of urban monitors (no monitor in the district),290.6,0.4,100,216.2,780.7,6.25,0.156,0,No ESMI monitor in this district: state median of urban monitors.
Karnal,Haryana,1,31.6,0,0,0,,,,,,,,,,290.6,5,3,state median of urban monitors (no monitor in the district),290.6,0.4,100,216.2,780.7,6.25,0.156,0,No ESMI monitor in this district: state median of urban monitors.
Dehradun,Uttarakhaand,1,31.6,5,5,0,284,284,,184.1,430.9,2927,2016-11-18,2019-12-31,Dehradun,430.9,11,1,district urban monitors (ESMI),284,0.4,100,213.6,771.2,6.17,0.154,284,"Measured in this district: ESMI urban monitors (state capital, district HQ or municipal area)."
Shimla,Himachal Pradesh,1,31.6,0,0,0,,,,,,,,,,,,4,national median of urban monitors (no monitor in the district or state),261.2,0.4,100,204.5,738.3,5.91,0.148,0,No ESMI monitor in this district or its state: national median of urban monitors.
Papum Pare,Arunachal Pradesh,1,31.6,0,0,0,,,,,,,,,,,,4,national median of urban monitors (no monitor in the district or state),261.2,0.4,100,204.5,738.3,5.91,0.148,0,No ESMI monitor in this district or its state: national median of urban monitors.
Kohima,Nagaland,1,31.6,0,0,0,,,,,,,,,,,,4,national median of urban monitors (no monitor in the district or state),261.2,0.4,100,204.5,738.3,5.91,0.148,0,No ESMI monitor in this district or its state: national median of urban monitors.
West Tripura,Tripura,1,31.6,0,0,0,,,,,,,,,,,,4,national median of urban monitors (no monitor in the district or state),261.2,0.4,100,204.5,738.3,5.91,0.148,0,No ESMI monitor in this district or its state: national median of urban monitors.
Thiruvananthapuram,Kerala,1,31.6,0,0,0,,,,,,,,,,,,4,national median of urban monitors (no monitor in the district or state),261.2,0.4,100,204.5,738.3,5.91,0.148,0,No ESMI monitor in this district or its state: national median of urban monitors.
Puducherry,Puducherry,2,31.6,0,0,0,,,,,,,,,,,,4,national median of urban monitors (no monitor in the district or state),261.2,0.4,100,204.5,738.3,5.91,0.148,0,No ESMI monitor in this district or its state: national median of urban monitors.
Kamrup Metropolitan,Assam,1,31.6,11,11,0,196.7,196.7,,28.5,412.5,7482,2016-12-15,2019-12-31,Kamrup Metro,167.7,11,1,district urban monitors (ESMI),196.7,0.4,100,178.7,645.1,5.16,0.129,196.7,"Measured in this district: ESMI urban monitors (state capital, district HQ or municipal area)."
Bhopal,Madhya Pradesh,1,31.6,11,8,3,669.1,164,2015.9,83.9,3584.4,7023,2015-08-04,2019-12-31,Bhopal,166.2,14,1,district urban monitors (ESMI),164,0.4,100,165.6,597.9,4.78,0.12,164,"Measured in this district: ESMI urban monitors (state capital, district HQ or municipal area)."
Tiruchirappalli,Tamil Nadu,1,31.6,0,0,0,,,,,,,,,,139.6,27,3,state median of urban monitors (no monitor in the district),139.6,0.4,100,155.8,562.6,4.5,0.113,0,No ESMI monitor in this district: state median of urban monitors.
Madurai,Tamil Nadu,1,31.6,0,0,0,,,,,,,,,,139.6,27,3,state median of urban monitors (no monitor in the district),139.6,0.4,100,155.8,562.6,4.5,0.113,0,No ESMI monitor in this district: state median of urban monitors.
Patiala,Punjab,1,31.6,0,0,0,,,,,,,,,,122.9,1,3,state median of urban monitors (no monitor in the district),122.9,0.4,100,149.2,538.5,4.31,0.108,0,No ESMI monitor in this district: state median of urban monitors.
Alwar,Rajasthan,1,31.6,0,0,0,,,,,,,,,,115.8,12,3,state median of urban monitors (no monitor in the district),115.8,0.4,100,146.3,528.2,4.23,0.106,0,No ESMI monitor in this district: state median of urban monitors.
North Goa,Goa,1,31.6,6,2,4,154.2,81.3,190.7,60.5,303.8,5227,2016-01-28,2019-12-31,North Goa,83.1,4,1,district urban monitors (ESMI),81.3,0.4,100,132.5,478.5,3.83,0.096,81.3,"Measured in this district: ESMI urban monitors (state capital, district HQ or municipal area)."
Chandigarh,Chandigarh,1,31.6,5,5,0,56,56,,19,96,6118,2015-08-26,2019-12-31,Chandigarh,56.3,5,1,district urban monitors (ESMI),56,0.4,100,122.4,441.9,3.54,0.088,56,"Measured in this district: ESMI urban monitors (state capital, district HQ or municipal area)."
Murshidabad,West Bengal,1,31.6,0,0,0,,,,,,,,,,48.5,9,3,state median of urban monitors (no monitor in the district),48.5,0.4,100,119.4,431.1,3.45,0.086,0,No ESMI monitor in this district: state median of urban monitors.
South West,Nct Of Delhi,1,31.6,1,1,0,47.1,47.1,,47.1,47.1,697,2015-05-22,2017-04-18,South West Delhi,76.6,7,1,district urban monitors (ESMI),47.1,0.4,100,118.8,429.1,3.43,0.086,47.1,"Measured in this district: ESMI urban monitors (state capital, district HQ or municipal area)."
Faridabad,Haryana,1,15.8,0,0,0,,,,,,,,,,290.6,5,3,state median of urban monitors (no monitor in the district),290.6,0.4,100,216.2,390.4,3.12,0.078,0,No ESMI monitor in this district: state median of urban monitors.
Kamrup,Assam,1,19.6,0,0,0,,,,,,,,,,167.7,11,3,state median of urban monitors (no monitor in the district),167.7,0.4,100,167.1,374.3,2.99,0.075,0,No ESMI monitor in this district: state median of urban monitors.
Alappuzha,Kerala,1,15.8,0,0,0,,,,,,,,,,,,4,national median of urban monitors (no monitor in the district or state),261.2,0.4,100,204.5,369.1,2.95,0.074,0,No ESMI monitor in this district or its state: national median of urban monitors.
Medak,Telangana,1,15.8,0,0,0,,,,,,,,,,201.6,16,3,state median of urban monitors (no monitor in the district),201.6,0.4,100,180.6,326.1,2.61,0.065,0,No ESMI monitor in this district: state median of urban monitors.
Ludhiana,Punjab,1,15.8,0,0,0,,,,,,,,,,122.9,1,3,state median of urban monitors (no monitor in the district),122.9,0.4,100,149.2,269.3,2.15,0.054,0,No ESMI monitor in this district: state median of urban monitors.
New Delhi,Nct Of Delhi,1,8.8,0,0,0,,,,,,,,,,76.6,7,3,state median of urban monitors (no monitor in the district),76.6,0.4,100,130.6,131.7,1.05,0.026,0,No ESMI monitor in this district: state median of urban monitors.
Lucknow,Uttar Pradesh,1,1.8,7,7,0,464.3,464.3,,148.4,1197.9,4754,2014-11-24,2019-12-31,Lucknow,686,90,1,district urban monitors (ESMI),464.3,0.4,100,285.7,57.6,0.46,0.012,464.3,"Measured in this district: ESMI urban monitors (state capital, district HQ or municipal area)."
Ghaziabad,Uttar Pradesh,1,0,6,6,0,429.7,429.7,,280.2,676.6,5649,2014-12-16,2019-12-31,Ghaziabad; Hapur,686,90,1,district urban monitors (ESMI),429.7,0.4,100,271.9,0,0,0,429.7,"Measured in this district: ESMI urban monitors (state capital, district HQ or municipal area)."
ALL HOSTING DISTRICTS,"",246,20199.6,,,,,,,,,,,,,,,,,,,,,432818.2,3462.55,86.564,,"Central scenario total: diesel NOx = 5.78% of the fleet's grid-attributable marginal NOx (59884 t); PM2.5 = 1.02% of grid PM2.5. Across f in {0.2, 0.4, 1.0} x testing in {50, 100, 150} h: NOx 2.9-11.4%. Zero-fill rule of the submitted paper: 5.34%."
